 <?xml version="1.0"?>
<settings>
	<servers>
		<server>
			<id>mule-ee-releases</id>
			<username>worksafebc.nexus</username>
			<password>LOigFRQt</password>
		</server>
		<server>
			<id>anypoint-exchange-v2</id>
			<username>MulesoftW0rksafeBC</username>
			<password>***</password>
		</server>
		<server>
			<id>anypoint-exchange</id>
			<username>MulesoftW0rksafeBC</username>
			<password>***</password>
		</server>
		<server>
			<id>deploy</id>
			<username>MulesoftW0rksafeBC</username>
			<password>***</password>
		</server>

		<!--
         <server>
 			<id></id>
 			<configuration>
 				<httpHeaders>
 					<property>
 						<name>Authorization</name>
 						Treat this auth token like a password. Do not share it with anyone, including Microsoft support.
 						<value><<redacted>></value>
 					</property>
 				</httpHeaders>
 			</configuration>
 		</server>
         -->
	</servers>
	<profiles>
		<profile>
			<id>mule-extra-repos</id>
			<activation>
				<activeByDefault>true</activeByDefault>
			</activation>
			<repositories>
				<repository>
					<id>Central</id>
					<url>https://repo1.maven.org/maven2/</url>
				</repository>
				<repository>
					<id>mule-public</id>
					<url>https://repository.mulesoft.org/nexus/content/repositories/public</url>
				</repository>
			</repositories>
			<pluginRepositories>
				<pluginRepository>
					<id>Central</id>
					<url>https://repo1.maven.org/maven2/</url>
				</pluginRepository>
				<pluginRepository>
					<id>mule-public</id>
					<url>https://repository.mulesoft.org/nexus/content/repositories/public</url>
				</pluginRepository>
			</pluginRepositories>
		</profile>
		<profile>
			<id>standard-repositories</id>
			<repositories>
				<repository>
					<id>Central</id>
					<name>Central</name>
					<url>https://repo1.maven.org/maven2/</url>
					<layout>default</layout>
				</repository>
				<repository>
					<id>mulesoft-releases</id>
					<name>MuleSoft Releases Repository</name>
					<url>http://repository.mulesoft.org/releases/</url>
					<layout>default</layout>
				</repository>
				<repository>
					<id>altsav</id>
					<url>https://pkgs.dev.azure.com/altsav/_packaging/altsav/maven/v1</url>
					<releases>
						<enabled>true</enabled>
					</releases>
					<snapshots>
						<enabled>true</enabled>
					</snapshots>
				</repository>
				<repository>
					<id>anypoint-exchange</id>
					<name>Anypoint Exchange</name>
					<url>https://maven.anypoint.mulesoft.com/api/v1/maven</url>
					<layout>default</layout>
				</repository>
				<repository>
					<id>anypoint-exchange-v2</id>
					<name>Anypoint Exchange</name>
					<url>https://maven.anypoint.mulesoft.com/api/v2/maven</url>
					<layout>default</layout>
				</repository>
				<repository>
					<id>mulesoft-snapshots</id>
					<name>MuleSoft Releases Repository</name>
					<url>http://repository.mulesoft.org/snapshots/</url>
					<layout>default</layout>
				</repository>
				<repository>
					<id>mule-ee-releases</id>
					<name>MuleEE Releases Repository</name>
					<url>https://repository.mulesoft.org/nexus/content/repositories/releases-ee/</url>
					<layout>default</layout>
				</repository>
			</repositories>
			<pluginRepositories>
				<pluginRepository>
					<id>mule-public</id>
					<layout>default</layout>
					<url>https://repository.mulesoft.org/nexus/content/repositories/releases</url>
					<snapshots/>
				</pluginRepository>
				<pluginRepository>
					<id>mulesoft-release</id>
					<name>mulesoft release repository</name>
					<layout>default</layout>
					<url>https://repository.mulesoft.org/nexus/content/groups/public</url>
					<snapshots>
						<enabled>true</enabled>
					</snapshots>
				</pluginRepository>
				<pluginRepository>
					<id>mule-ee-releases</id>
					<name>MuleEE Releases Repository</name>
					<url>https://repository.mulesoft.org/nexus/content/repositories/releases-ee/</url>
					<layout>default</layout>
					<releases>
						<enabled>true</enabled>
					</releases>
					<snapshots>
						<enabled>true</enabled>
					</snapshots>
				</pluginRepository>
				<pluginRepository>
					<id>mulesoft-release</id>
					<name>mulesoft release repository</name>
					<layout>default</layout>
					<url>http://repository.mulesoft.org/releases/</url>
					<snapshots>
						<enabled>false</enabled>
					</snapshots>
				</pluginRepository>
				<pluginRepository>
					<id>mulesoft-snapshot</id>
					<name>mulesoft release repository</name>
					<layout>default</layout>
					<url>http://repository.mulesoft.org/snapshots/</url>
				</pluginRepository>
			</pluginRepositories>
		</profile>
		<pluginGroups>
			<pluginGroup>org.mule.tools</pluginGroup>
		</pluginGroups>
	</profiles>  
</settings>

