<?xml version = '1.0' encoding = 'UTF-8'?>
<References xmlns="http://xmlns.oracle.com/adf/jndi">
   <Reference name="CRP_PRD_EHL" className="oracle.jdeveloper.db.adapter.DatabaseProvider" xmlns="">
      <Factory className="oracle.jdevimpl.db.adapter.DatabaseProviderFactory1212"/>
      <RefAddresses>
         <StringRefAddr addrType="password">
            <Contents>Nfxii5kS3Mn2yLfTcrbxHg==</Contents>
         </StringRefAddr>
         <StringRefAddr addrType="oraDriverType">
            <Contents>thin</Contents>
         </StringRefAddr>
         <StringRefAddr addrType="RaptorConnectionType">
            <Contents>Oracle</Contents>
         </StringRefAddr>
         <StringRefAddr addrType="OracleConnectionType">
            <Contents>BASIC</Contents>
         </StringRefAddr>
         <StringRefAddr addrType="ConnName">
            <Contents>CRP_PRD_EHL</Contents>
         </StringRefAddr>
         <StringRefAddr addrType="driver">
            <Contents>oracle.jdbc.OracleDriver</Contents>
         </StringRefAddr>
         <StringRefAddr addrType="port">
            <Contents>1521</Contents>
         </StringRefAddr>
         <StringRefAddr addrType="OS_AUTHENTICATION">
            <Contents>false</Contents>
         </StringRefAddr>
         <StringRefAddr addrType="serviceName">
            <Contents>ESBPRD2</Contents>
         </StringRefAddr>
         <StringRefAddr addrType="hostname">
            <Contents>esbprdorac2.bchydro.bc.ca</Contents>
         </StringRefAddr>
         <StringRefAddr addrType="SavePassword">
            <Contents>true</Contents>
         </StringRefAddr>
         <StringRefAddr addrType="subtype">
            <Contents>oraJDBC</Contents>
         </StringRefAddr>
         <StringRefAddr addrType="customUrl">
            <Contents>jdbc:oracle:thin:@esbprdorac2.bchydro.bc.ca:1521/ESBPRD2</Contents>
         </StringRefAddr>
         <StringRefAddr addrType="NoPasswordConnection">
            <Contents>TRUE</Contents>
         </StringRefAddr>
         <StringRefAddr addrType="NAV_FOLDER">
            <Contents>PRD</Contents>
         </StringRefAddr>
         <StringRefAddr addrType="KERBEROS_AUTHENTICATION">
            <Contents>false</Contents>
         </StringRefAddr>
         <StringRefAddr addrType="user">
            <Contents>CRP_PRD_EHL</Contents>
         </StringRefAddr>
         <StringRefAddr addrType="role">
            <Contents/>
         </StringRefAddr>
      </RefAddresses>
   </Reference>
   <Reference name="CRP_AD1_CLE" className="oracle.jdeveloper.db.adapter.DatabaseProvider" xmlns="">
      <Factory className="oracle.jdevimpl.db.adapter.DatabaseProviderFactory1212"/>
      <RefAddresses>
         <StringRefAddr addrType="password">
            <Contents>LNr/K4tLWBPeV7jV+W7j0Q==</Contents>
         </StringRefAddr>
         <StringRefAddr addrType="oraDriverType">
            <Contents>thin</Contents>
         </StringRefAddr>
         <StringRefAddr addrType="RaptorConnectionType">
            <Contents>Oracle</Contents>
         </StringRefAddr>
         <StringRefAddr addrType="OracleConnectionType">
            <Contents>BASIC</Contents>
         </StringRefAddr>
         <StringRefAddr addrType="ConnName">
            <Contents>CRP_AD1_CLE</Contents>
         </StringRefAddr>
         <StringRefAddr addrType="driver">
            <Contents>oracle.jdbc.OracleDriver</Contents>
         </StringRefAddr>
         <StringRefAddr addrType="port">
            <Contents>1521</Contents>
         </StringRefAddr>
         <StringRefAddr addrType="OS_AUTHENTICATION">
            <Contents>false</Contents>
         </StringRefAddr>
         <StringRefAddr addrType="serviceName">
            <Contents>ESBTST3</Contents>
         </StringRefAddr>
         <StringRefAddr addrType="hostname">
            <Contents>esbnprdorac2.bchydro.bc.ca</Contents>
         </StringRefAddr>
         <StringRefAddr addrType="SavePassword">
            <Contents>true</Contents>
         </StringRefAddr>
         <StringRefAddr addrType="subtype">
            <Contents>oraJDBC</Contents>
         </StringRefAddr>
         <StringRefAddr addrType="customUrl">
            <Contents>jdbc:oracle:thin:@esbnprdorac2.bchydro.bc.ca:1521/ESBTST3</Contents>
         </StringRefAddr>
         <StringRefAddr addrType="NoPasswordConnection">
            <Contents>TRUE</Contents>
         </StringRefAddr>
         <StringRefAddr addrType="NAV_FOLDER">
            <Contents>AD</Contents>
         </StringRefAddr>
         <StringRefAddr addrType="KERBEROS_AUTHENTICATION">
            <Contents>false</Contents>
         </StringRefAddr>
         <StringRefAddr addrType="user">
            <Contents>CRP_AD1_CLE</Contents>
         </StringRefAddr>
         <StringRefAddr addrType="role">
            <Contents/>
         </StringRefAddr>
      </RefAddresses>
   </Reference>
   <Reference name="PRD_ESB_MONITOR" className="oracle.jdeveloper.db.adapter.DatabaseProvider" xmlns="">
      <Factory className="oracle.jdevimpl.db.adapter.DatabaseProviderFactory1212"/>
      <RefAddresses>
         <StringRefAddr addrType="password">
            <Contents>ZfCRNY3Ov3MN8s1WHLpOmg==</Contents>
         </StringRefAddr>
         <StringRefAddr addrType="oraDriverType">
            <Contents>thin</Contents>
         </StringRefAddr>
         <StringRefAddr addrType="RaptorConnectionType">
            <Contents>Oracle</Contents>
         </StringRefAddr>
         <StringRefAddr addrType="OracleConnectionType">
            <Contents>BASIC</Contents>
         </StringRefAddr>
         <StringRefAddr addrType="ConnName">
            <Contents>PRD_ESB_MONITOR</Contents>
         </StringRefAddr>
         <StringRefAddr addrType="driver">
            <Contents>oracle.jdbc.OracleDriver</Contents>
         </StringRefAddr>
         <StringRefAddr addrType="port">
            <Contents>1521</Contents>
         </StringRefAddr>
         <StringRefAddr addrType="OS_AUTHENTICATION">
            <Contents>false</Contents>
         </StringRefAddr>
         <StringRefAddr addrType="serviceName">
            <Contents>ESBPRD2</Contents>
         </StringRefAddr>
         <StringRefAddr addrType="hostname">
            <Contents>esbprdorac2.bchydro.bc.ca</Contents>
         </StringRefAddr>
         <StringRefAddr addrType="SavePassword">
            <Contents>true</Contents>
         </StringRefAddr>
         <StringRefAddr addrType="subtype">
            <Contents>oraJDBC</Contents>
         </StringRefAddr>
         <StringRefAddr addrType="customUrl">
            <Contents>jdbc:oracle:thin:@esbprdorac2.bchydro.bc.ca:1521/ESBPRD2</Contents>
         </StringRefAddr>
         <StringRefAddr addrType="NoPasswordConnection">
            <Contents>TRUE</Contents>
         </StringRefAddr>
         <StringRefAddr addrType="NAV_FOLDER">
            <Contents>PRD</Contents>
         </StringRefAddr>
         <StringRefAddr addrType="KERBEROS_AUTHENTICATION">
            <Contents>false</Contents>
         </StringRefAddr>
         <StringRefAddr addrType="user">
            <Contents>ESB_MONITOR</Contents>
         </StringRefAddr>
         <StringRefAddr addrType="role">
            <Contents/>
         </StringRefAddr>
      </RefAddresses>
   </Reference>
   <Reference name="CRP_SUS_EHL" className="oracle.jdeveloper.db.adapter.DatabaseProvider" xmlns="">
      <Factory className="oracle.jdevimpl.db.adapter.DatabaseProviderFactory1212"/>
      <RefAddresses>
         <StringRefAddr addrType="password">
            <Contents>nxUEQtPdKdoxoM8fMCgGbw==</Contents>
         </StringRefAddr>
         <StringRefAddr addrType="oraDriverType">
            <Contents>thin</Contents>
         </StringRefAddr>
         <StringRefAddr addrType="RaptorConnectionType">
            <Contents>Oracle</Contents>
         </StringRefAddr>
         <StringRefAddr addrType="OracleConnectionType">
            <Contents>BASIC</Contents>
         </StringRefAddr>
         <StringRefAddr addrType="ConnName">
            <Contents>CRP_SUS_EHL</Contents>
         </StringRefAddr>
         <StringRefAddr addrType="driver">
            <Contents>oracle.jdbc.OracleDriver</Contents>
         </StringRefAddr>
         <StringRefAddr addrType="port">
            <Contents>1521</Contents>
         </StringRefAddr>
         <StringRefAddr addrType="OS_AUTHENTICATION">
            <Contents>false</Contents>
         </StringRefAddr>
         <StringRefAddr addrType="serviceName">
            <Contents>ESBTST3</Contents>
         </StringRefAddr>
         <StringRefAddr addrType="hostname">
            <Contents>esbnprdorac2.bchydro.bc.ca</Contents>
         </StringRefAddr>
         <StringRefAddr addrType="SavePassword">
            <Contents>true</Contents>
         </StringRefAddr>
         <StringRefAddr addrType="subtype">
            <Contents>oraJDBC</Contents>
         </StringRefAddr>
         <StringRefAddr addrType="customUrl">
            <Contents>jdbc:oracle:thin:@esbnprdorac2.bchydro.bc.ca:1521/ESBTST3</Contents>
         </StringRefAddr>
         <StringRefAddr addrType="NoPasswordConnection">
            <Contents>TRUE</Contents>
         </StringRefAddr>
         <StringRefAddr addrType="NAV_FOLDER">
            <Contents>SUS</Contents>
         </StringRefAddr>
         <StringRefAddr addrType="KERBEROS_AUTHENTICATION">
            <Contents>false</Contents>
         </StringRefAddr>
         <StringRefAddr addrType="user">
            <Contents>CRP_SUS_EHL</Contents>
         </StringRefAddr>
         <StringRefAddr addrType="role">
            <Contents/>
         </StringRefAddr>
      </RefAddresses>
   </Reference>
   <Reference name="CRP_AD1_EHL" className="oracle.jdeveloper.db.adapter.DatabaseProvider" xmlns="">
      <Factory className="oracle.jdevimpl.db.adapter.DatabaseProviderFactory1212"/>
      <RefAddresses>
         <StringRefAddr addrType="password">
            <Contents>/6icWbOl4iFBhyMKaSRxrQ==</Contents>
         </StringRefAddr>
         <StringRefAddr addrType="oraDriverType">
            <Contents>thin</Contents>
         </StringRefAddr>
         <StringRefAddr addrType="RaptorConnectionType">
            <Contents>Oracle</Contents>
         </StringRefAddr>
         <StringRefAddr addrType="OracleConnectionType">
            <Contents>BASIC</Contents>
         </StringRefAddr>
         <StringRefAddr addrType="ConnName">
            <Contents>CRP_AD1_EHL</Contents>
         </StringRefAddr>
         <StringRefAddr addrType="driver">
            <Contents>oracle.jdbc.OracleDriver</Contents>
         </StringRefAddr>
         <StringRefAddr addrType="port">
            <Contents>1521</Contents>
         </StringRefAddr>
         <StringRefAddr addrType="OS_AUTHENTICATION">
            <Contents>false</Contents>
         </StringRefAddr>
         <StringRefAddr addrType="serviceName">
            <Contents>ESBTST3</Contents>
         </StringRefAddr>
         <StringRefAddr addrType="hostname">
            <Contents>esbnprdorac2.bchydro.bc.ca</Contents>
         </StringRefAddr>
         <StringRefAddr addrType="SavePassword">
            <Contents>true</Contents>
         </StringRefAddr>
         <StringRefAddr addrType="subtype">
            <Contents>oraJDBC</Contents>
         </StringRefAddr>
         <StringRefAddr addrType="customUrl">
            <Contents>jdbc:oracle:thin:@esbnprdorac2.bchydro.bc.ca:1521/ESBTST3</Contents>
         </StringRefAddr>
         <StringRefAddr addrType="NoPasswordConnection">
            <Contents>TRUE</Contents>
         </StringRefAddr>
         <StringRefAddr addrType="NAV_FOLDER">
            <Contents>AD</Contents>
         </StringRefAddr>
         <StringRefAddr addrType="KERBEROS_AUTHENTICATION">
            <Contents>false</Contents>
         </StringRefAddr>
         <StringRefAddr addrType="user">
            <Contents>CRP_AD1_EHL</Contents>
         </StringRefAddr>
         <StringRefAddr addrType="role">
            <Contents/>
         </StringRefAddr>
      </RefAddresses>
   </Reference>
   <Reference name="NPRD_ESB_MONITOR" className="oracle.jdeveloper.db.adapter.DatabaseProvider" xmlns="">
      <Factory className="oracle.jdevimpl.db.adapter.DatabaseProviderFactory1212"/>
      <RefAddresses>
         <StringRefAddr addrType="password">
            <Contents>ZfCRNY3Ov3MN8s1WHLpOmg==</Contents>
         </StringRefAddr>
         <StringRefAddr addrType="oraDriverType">
            <Contents>thin</Contents>
         </StringRefAddr>
         <StringRefAddr addrType="RaptorConnectionType">
            <Contents>Oracle</Contents>
         </StringRefAddr>
         <StringRefAddr addrType="OracleConnectionType">
            <Contents>BASIC</Contents>
         </StringRefAddr>
         <StringRefAddr addrType="ConnName">
            <Contents>NPRD_ESB_MONITOR</Contents>
         </StringRefAddr>
         <StringRefAddr addrType="driver">
            <Contents>oracle.jdbc.OracleDriver</Contents>
         </StringRefAddr>
         <StringRefAddr addrType="port">
            <Contents>1521</Contents>
         </StringRefAddr>
         <StringRefAddr addrType="OS_AUTHENTICATION">
            <Contents>false</Contents>
         </StringRefAddr>
         <StringRefAddr addrType="serviceName">
            <Contents>ESBTST3</Contents>
         </StringRefAddr>
         <StringRefAddr addrType="hostname">
            <Contents>esbnprdorac2.bchydro.bc.ca</Contents>
         </StringRefAddr>
         <StringRefAddr addrType="SavePassword">
            <Contents>true</Contents>
         </StringRefAddr>
         <StringRefAddr addrType="subtype">
            <Contents>oraJDBC</Contents>
         </StringRefAddr>
         <StringRefAddr addrType="customUrl">
            <Contents>jdbc:oracle:thin:@esbnprdorac2.bchydro.bc.ca:1521/ESBTST3</Contents>
         </StringRefAddr>
         <StringRefAddr addrType="NoPasswordConnection">
            <Contents>TRUE</Contents>
         </StringRefAddr>
         <StringRefAddr addrType="NAV_FOLDER">
            <Contents>AD</Contents>
         </StringRefAddr>
         <StringRefAddr addrType="KERBEROS_AUTHENTICATION">
            <Contents>false</Contents>
         </StringRefAddr>
         <StringRefAddr addrType="user">
            <Contents>ESB_MONITOR</Contents>
         </StringRefAddr>
         <StringRefAddr addrType="role">
            <Contents/>
         </StringRefAddr>
      </RefAddresses>
   </Reference>
   <Reference name="CRP_AD2_EHL" className="oracle.jdeveloper.db.adapter.DatabaseProvider" xmlns="">
      <Factory className="oracle.jdevimpl.db.adapter.DatabaseProviderFactory1212"/>
      <RefAddresses>
         <StringRefAddr addrType="password">
            <Contents>muDjx+P1f6EUdKPyThwGJA==</Contents>
         </StringRefAddr>
         <StringRefAddr addrType="oraDriverType">
            <Contents>thin</Contents>
         </StringRefAddr>
         <StringRefAddr addrType="RaptorConnectionType">
            <Contents>Oracle</Contents>
         </StringRefAddr>
         <StringRefAddr addrType="OracleConnectionType">
            <Contents>BASIC</Contents>
         </StringRefAddr>
         <StringRefAddr addrType="ConnName">
            <Contents>CRP_AD2_EHL</Contents>
         </StringRefAddr>
         <StringRefAddr addrType="driver">
            <Contents>oracle.jdbc.OracleDriver</Contents>
         </StringRefAddr>
         <StringRefAddr addrType="port">
            <Contents>1521</Contents>
         </StringRefAddr>
         <StringRefAddr addrType="OS_AUTHENTICATION">
            <Contents>false</Contents>
         </StringRefAddr>
         <StringRefAddr addrType="serviceName">
            <Contents>ESBTST3</Contents>
         </StringRefAddr>
         <StringRefAddr addrType="hostname">
            <Contents>esbnprdorac2.bchydro.bc.ca</Contents>
         </StringRefAddr>
         <StringRefAddr addrType="SavePassword">
            <Contents>true</Contents>
         </StringRefAddr>
         <StringRefAddr addrType="subtype">
            <Contents>oraJDBC</Contents>
         </StringRefAddr>
         <StringRefAddr addrType="customUrl">
            <Contents>jdbc:oracle:thin:@esbnprdorac2.bchydro.bc.ca:1521/ESBTST3</Contents>
         </StringRefAddr>
         <StringRefAddr addrType="NoPasswordConnection">
            <Contents>TRUE</Contents>
         </StringRefAddr>
         <StringRefAddr addrType="NAV_FOLDER">
            <Contents>AD</Contents>
         </StringRefAddr>
         <StringRefAddr addrType="KERBEROS_AUTHENTICATION">
            <Contents>false</Contents>
         </StringRefAddr>
         <StringRefAddr addrType="user">
            <Contents>CRP_AD2_EHL</Contents>
         </StringRefAddr>
         <StringRefAddr addrType="role">
            <Contents/>
         </StringRefAddr>
      </RefAddresses>
   </Reference>
   <Reference name="CRP_QAT_EHL" className="oracle.jdeveloper.db.adapter.DatabaseProvider" xmlns="">
      <Factory className="oracle.jdevimpl.db.adapter.DatabaseProviderFactory1212"/>
      <RefAddresses>
         <StringRefAddr addrType="password">
            <Contents>/eD33dfB2U1530IMjFKogw==</Contents>
         </StringRefAddr>
         <StringRefAddr addrType="oraDriverType">
            <Contents>thin</Contents>
         </StringRefAddr>
         <StringRefAddr addrType="RaptorConnectionType">
            <Contents>Oracle</Contents>
         </StringRefAddr>
         <StringRefAddr addrType="OracleConnectionType">
            <Contents>BASIC</Contents>
         </StringRefAddr>
         <StringRefAddr addrType="ConnName">
            <Contents>CRP_QAT_EHL</Contents>
         </StringRefAddr>
         <StringRefAddr addrType="driver">
            <Contents>oracle.jdbc.OracleDriver</Contents>
         </StringRefAddr>
         <StringRefAddr addrType="port">
            <Contents>1521</Contents>
         </StringRefAddr>
         <StringRefAddr addrType="OS_AUTHENTICATION">
            <Contents>false</Contents>
         </StringRefAddr>
         <StringRefAddr addrType="serviceName">
            <Contents>ESBTST3</Contents>
         </StringRefAddr>
         <StringRefAddr addrType="hostname">
            <Contents>esbnprdorac2.bchydro.bc.ca</Contents>
         </StringRefAddr>
         <StringRefAddr addrType="SavePassword">
            <Contents>true</Contents>
         </StringRefAddr>
         <StringRefAddr addrType="subtype">
            <Contents>oraJDBC</Contents>
         </StringRefAddr>
         <StringRefAddr addrType="customUrl">
            <Contents>jdbc:oracle:thin:@esbnprdorac2.bchydro.bc.ca:1521/ESBTST3</Contents>
         </StringRefAddr>
         <StringRefAddr addrType="NoPasswordConnection">
            <Contents>TRUE</Contents>
         </StringRefAddr>
         <StringRefAddr addrType="NAV_FOLDER">
            <Contents>QAT</Contents>
         </StringRefAddr>
         <StringRefAddr addrType="KERBEROS_AUTHENTICATION">
            <Contents>false</Contents>
         </StringRefAddr>
         <StringRefAddr addrType="user">
            <Contents>CRP_QAT_EHL</Contents>
         </StringRefAddr>
         <StringRefAddr addrType="role">
            <Contents/>
         </StringRefAddr>
      </RefAddresses>
   </Reference>
   <Reference name="CRP_TST_EHL" className="oracle.jdeveloper.db.adapter.DatabaseProvider" xmlns="">
      <Factory className="oracle.jdevimpl.db.adapter.DatabaseProviderFactory1212"/>
      <RefAddresses>
         <StringRefAddr addrType="password">
            <Contents>a0VXJj5Y0hGbvoyC9aU13A==</Contents>
         </StringRefAddr>
         <StringRefAddr addrType="oraDriverType">
            <Contents>thin</Contents>
         </StringRefAddr>
         <StringRefAddr addrType="RaptorConnectionType">
            <Contents>Oracle</Contents>
         </StringRefAddr>
         <StringRefAddr addrType="OracleConnectionType">
            <Contents>BASIC</Contents>
         </StringRefAddr>
         <StringRefAddr addrType="ConnName">
            <Contents>CRP_TST_EHL</Contents>
         </StringRefAddr>
         <StringRefAddr addrType="driver">
            <Contents>oracle.jdbc.OracleDriver</Contents>
         </StringRefAddr>
         <StringRefAddr addrType="port">
            <Contents>1521</Contents>
         </StringRefAddr>
         <StringRefAddr addrType="OS_AUTHENTICATION">
            <Contents>false</Contents>
         </StringRefAddr>
         <StringRefAddr addrType="serviceName">
            <Contents>ESBTST3</Contents>
         </StringRefAddr>
         <StringRefAddr addrType="hostname">
            <Contents>esbnprdorac2.bchydro.bc.ca</Contents>
         </StringRefAddr>
         <StringRefAddr addrType="SavePassword">
            <Contents>true</Contents>
         </StringRefAddr>
         <StringRefAddr addrType="subtype">
            <Contents>oraJDBC</Contents>
         </StringRefAddr>
         <StringRefAddr addrType="customUrl">
            <Contents>jdbc:oracle:thin:@esbnprdorac2.bchydro.bc.ca:1521/ESBTST3</Contents>
         </StringRefAddr>
         <StringRefAddr addrType="NoPasswordConnection">
            <Contents>TRUE</Contents>
         </StringRefAddr>
         <StringRefAddr addrType="NAV_FOLDER">
            <Contents>TST</Contents>
         </StringRefAddr>
         <StringRefAddr addrType="KERBEROS_AUTHENTICATION">
            <Contents>false</Contents>
         </StringRefAddr>
         <StringRefAddr addrType="user">
            <Contents>CRP_TST_EHL</Contents>
         </StringRefAddr>
         <StringRefAddr addrType="role">
            <Contents/>
         </StringRefAddr>
      </RefAddresses>
   </Reference>
   <Reference name="CRP_PRD_CLE" className="oracle.jdeveloper.db.adapter.DatabaseProvider" xmlns="">
      <Factory className="oracle.jdevimpl.db.adapter.DatabaseProviderFactory1212"/>
      <RefAddresses>
         <StringRefAddr addrType="password">
            <Contents>ay/U5sjc642Fss1D0mqrOA==</Contents>
         </StringRefAddr>
         <StringRefAddr addrType="oraDriverType">
            <Contents>thin</Contents>
         </StringRefAddr>
         <StringRefAddr addrType="RaptorConnectionType">
            <Contents>Oracle</Contents>
         </StringRefAddr>
         <StringRefAddr addrType="OracleConnectionType">
            <Contents>BASIC</Contents>
         </StringRefAddr>
         <StringRefAddr addrType="ConnName">
            <Contents>CRP_PRD_CLE</Contents>
         </StringRefAddr>
         <StringRefAddr addrType="driver">
            <Contents>oracle.jdbc.OracleDriver</Contents>
         </StringRefAddr>
         <StringRefAddr addrType="port">
            <Contents>1521</Contents>
         </StringRefAddr>
         <StringRefAddr addrType="OS_AUTHENTICATION">
            <Contents>false</Contents>
         </StringRefAddr>
         <StringRefAddr addrType="serviceName">
            <Contents>ESBPRD2</Contents>
         </StringRefAddr>
         <StringRefAddr addrType="hostname">
            <Contents>esbprdorac2.bchydro.bc.ca</Contents>
         </StringRefAddr>
         <StringRefAddr addrType="SavePassword">
            <Contents>true</Contents>
         </StringRefAddr>
         <StringRefAddr addrType="subtype">
            <Contents>oraJDBC</Contents>
         </StringRefAddr>
         <StringRefAddr addrType="customUrl">
            <Contents>jdbc:oracle:thin:@esbprdorac2.bchydro.bc.ca:1521/ESBPRD2</Contents>
         </StringRefAddr>
         <StringRefAddr addrType="NoPasswordConnection">
            <Contents>TRUE</Contents>
         </StringRefAddr>
         <StringRefAddr addrType="NAV_FOLDER">
            <Contents>PRD</Contents>
         </StringRefAddr>
         <StringRefAddr addrType="KERBEROS_AUTHENTICATION">
            <Contents>false</Contents>
         </StringRefAddr>
         <StringRefAddr addrType="user">
            <Contents>CRP_PRD_CLE</Contents>
         </StringRefAddr>
         <StringRefAddr addrType="role">
            <Contents/>
         </StringRefAddr>
      </RefAddresses>
   </Reference>
</References>